"Sample_type","Shannon","Richness"
"old_leaf",2.31473400540811,12.8072289156626
"whole plant",2.71786174142335,15.9714285714286
"young_leaf",2.17652038452315,11.5897435897436
